{"cameraMode":{"drawMode":0,"name":"Shaded","section":"Shading Mode"},"sceneLighting":false,"audioPlay":false,"sceneViewState":{"m_AlwaysRefresh":false,"showFog":true,"showSkybox":false,"showFlares":true,"showImageEffects":true,"showParticleSystems":true,"showVisualEffectGraphs":true,"m_FxEnabled":true},"in2DMode":false,"pivot":{"x":0.3567948341369629,"y":1.8507356643676758,"z":1.6052007675170899},"rotation":{"x":0.16082003712654115,"y":0.32211244106292727,"z":-0.05562444031238556,"w":0.9312829375267029},"size":4.699601173400879,"orthographic":false}