{"cameraMode":{"drawMode":0,"name":"Shaded","section":"Shading Mode"},"sceneLighting":false,"audioPlay":false,"sceneViewState":{"m_AlwaysRefresh":false,"showFog":true,"showSkybox":false,"showFlares":true,"showImageEffects":true,"showParticleSystems":true,"showVisualEffectGraphs":true,"m_FxEnabled":true},"in2DMode":false,"pivot":{"x":0.6528558731079102,"y":0.21216356754302979,"z":0.630742073059082},"rotation":{"x":0.16082003712654115,"y":0.32211244106292727,"z":-0.05562444031238556,"w":0.9312829375267029},"size":1.999601125717163,"orthographic":false}